Category,Resume_Details
PeopleSoft,Peoplesoft Admin_AnubhavSingh.docx
PeopleSoft,Peoplesoft Admin_G Ananda Rayudu.doc
PeopleSoft,Peoplesoft Admin_Gangareddy.doc
PeopleSoft,Peoplesoft Admin_Murali.docx
PeopleSoft,Peoplesoft Admin_Priyanka Ramadoss.doc
PeopleSoft,Peoplesoft Admin_SirazuddinMohammad.docx
PeopleSoft,Peoplesoft Admin_srinivasarao.doc
PeopleSoft,Peoplesoft Admin_Varkala Vikas.docx
PeopleSoft,Peoplesoft Admin_Vinod Akkala.doc
PeopleSoft,PeopleSoft DBA_Ganesh Alladi.doc
PeopleSoft,PeopleSoft DBA_Vivekanand Sayana.docx
PeopleSoft,Peoplesoft Finance_Arun Venu.doc
PeopleSoft,Peoplesoft Finance_Pritam Biswas.doc
PeopleSoft,Peoplesoft Finance_Rahul Ahuja.doc
PeopleSoft,Peoplesoft FSCM_HariNarayana.docx
PeopleSoft,Peoplesoft FSCM_Murali.docx
PeopleSoft,Peoplesoft FSCM_PriyabrataHota.docx
PeopleSoft,Peoplesoft FSCM_R Ahmed.doc
PeopleSoft,Peoplesoft FSCM_Resume_Subha_Santosh.docx
PeopleSoft,Peoplesoft FSCM_SUJATHA.docx
React JS Developer,Internship Ravali_Musquare.docx
React JS Developer,Internship Susovan Bag_Musquare.docx
React JS Developer,React Developer_Deepakreddy.docx
React JS Developer,React Developer_Haripriya.docx
React JS Developer,React Developer_Kamalakar Reddy.docx
React JS Developer,React Developer_Krishna Kanth.docx
React JS Developer,React Developer_Krishna Kanth_Musquare.docx
React JS Developer,React Developer_Naveen sadhu.docx
React JS Developer,React Developer_PavasGoswami.doc
React JS Developer,React Developer_Pragnya.docx
React JS Developer,React Developer_Sarala Madasu.docx
React JS Developer,React Developer_Thirupathiamma.docx
React JS Developer,React Developer_Vinay Reddy.doc
React JS Developer,React JS Developer_AnjaniPriyadarshini.doc
React JS Developer,React JS Developer_kambala_Sai_Surendra_Musquare.docx
React JS Developer,React JS Developer_KotaniDurgaprasad.docx
React JS Developer,React JS Developer_M Lokesh Babu_Musquare.docx
React JS Developer,React JS Developer_M Lokesh.docx
React JS Developer,React JS Developer_MD Khizaruddin Rauf _Musquare.docx
React JS Developer,React JS Developer_Prabakaran_Musquare.pdf
React JS Developer,React JS Developer_Pranish Sonone_Musquare.docx
React JS Developer,React JS Developer_Ranga Gaganam_Musquare.docx
React JS Developer,React JS Developer_Shaik Abdul Sharuk_Musquare.docx
React JS Developer,React JS Developer_Venkatalakshmi.docx
SQL Developer,Anil kumar.docx
SQL Developer,AradhanaTripathi.docx
SQL Developer,Buddha Vamsi.docx
SQL Developer,kamballapradeep.docx
SQL Developer,Nazeer Basha.doc
SQL Developer,Neeraj Mishra.docx
SQL Developer,premsai.docx
SQL Developer,Priyanka L.doc
SQL Developer,PSyamKumar.docx
SQL Developer,Rajupavanakumari.docx
SQL Developer,Ramalakshmi K.docx
SQL Developer,RameshNataru.docx
SQL Developer,Tatikonda Kiran Kumar.doc
SQL Developer,Vinod B.docx
Workday,ChinnaSubbarayuduM_Hexaware.docx
Workday,Gopi Krishna_Hexaware.docx
Workday,Hari Krishna M_Hexaware.doc
Workday,Harikrishna Akula_Hexaware.doc
Workday,Hima Mendu_Hexaware.doc
Workday,Himaja G_Hexaware.docx
Workday,J. Sumanth Royal_Hexaware.doc
Workday,Jyotiverma_Heaware.docx
Workday,Madeeswar A_Hexaware.doc
Workday,MooraboyinaGuravaiah_Hexaware.docx
Workday,Naresh Babu Cherukuri_Hexaware.doc
Workday,P V Sai Krishna_ Hexaware.docx
Workday,Punugoti Swetha_Hexaware.doc
Workday,RahulM_Hexaware.docx
Workday,RameshP_Hexaware.docx
Workday,ShireeshKumar_Hexaware.doc
Workday,Sri Krishna S_Hexaware.doc
Workday,Srikanth-Hexaware.docx
Workday,SSKumar_Hexaware.docx
Workday,Venkateswarlu B_Hexaware.doc
Workday,Vinay Kumar_Hexaware.docx
